<?xml version="1.0" encoding="UTF-8"?>
<questestinterop xmlns="http://www.imsglobal.org/xsd/ims_qtiasiv1p2" xmlns:xsi="http://www.w3.org/2001/XMLSchema-instance" xsi:schemaLocation="http://www.imsglobal.org/xsd/ims_qtiasiv1p2 http://www.imsglobal.org/xsd/ims_qtiasiv1p2p1.xsd">
  <assessment ident="i68e7925af6a9e291012ad7e532e56c0b" title="All Questions">
    <qtimetadata>
      <qtimetadatafield>
        <fieldlabel>cc_maxattempts</fieldlabel>
        <fieldentry>1</fieldentry>
      </qtimetadatafield>
    </qtimetadata>
    <section ident="root_section">
      <item ident="i7e5f3e35e34fd255361e40e035d820b8" title="Question">
        <itemmetadata>
          <qtimetadata>
            <qtimetadatafield>
              <fieldlabel>question_type</fieldlabel>
              <fieldentry>multiple_choice_question</fieldentry>
            </qtimetadatafield>
            <qtimetadatafield>
              <fieldlabel>points_possible</fieldlabel>
              <fieldentry>1.0</fieldentry>
            </qtimetadatafield>
            <qtimetadatafield>
              <fieldlabel>assessment_question_identifierref</fieldlabel>
              <fieldentry>i2540ea0b8359e073332f4c84e838c149</fieldentry>
            </qtimetadatafield>
          </qtimetadata>
        </itemmetadata>
        <presentation>
          <material>
            <mattext texttype="text/html">&lt;div&gt;&lt;p&gt;Test Multiple Choice, a is to?&lt;/p&gt;&lt;/div&gt;</mattext>
          </material>
          <response_lid ident="response1" rcardinality="Single">
            <render_choice>
              <response_label ident="1487">
                <material>
                  <mattext texttype="text/plain">A</mattext>
                </material>
              </response_label>
              <response_label ident="5358">
                <material>
                  <mattext texttype="text/plain">B</mattext>
                </material>
              </response_label>
              <response_label ident="4197">
                <material>
                  <mattext texttype="text/plain">C</mattext>
                </material>
              </response_label>
              <response_label ident="4598">
                <material>
                  <mattext texttype="text/plain">D</mattext>
                </material>
              </response_label>
            </render_choice>
          </response_lid>
        </presentation>
        <resprocessing>
          <outcomes>
            <decvar maxvalue="100" minvalue="0" varname="SCORE" vartype="Decimal"/>
          </outcomes>
          <respcondition continue="Yes">
            <conditionvar>
              <other/>
            </conditionvar>
            <displayfeedback feedbacktype="Response" linkrefid="general_fb"/>
          </respcondition>
          <respcondition continue="Yes">
            <conditionvar>
              <varequal respident="response1">1487</varequal>
            </conditionvar>
            <displayfeedback feedbacktype="Response" linkrefid="1487_fb"/>
          </respcondition>
          <respcondition continue="Yes">
            <conditionvar>
              <varequal respident="response1">5358</varequal>
            </conditionvar>
            <displayfeedback feedbacktype="Response" linkrefid="5358_fb"/>
          </respcondition>
          <respcondition continue="Yes">
            <conditionvar>
              <varequal respident="response1">4197</varequal>
            </conditionvar>
            <displayfeedback feedbacktype="Response" linkrefid="4197_fb"/>
          </respcondition>
          <respcondition continue="Yes">
            <conditionvar>
              <varequal respident="response1">4598</varequal>
            </conditionvar>
            <displayfeedback feedbacktype="Response" linkrefid="4598_fb"/>
          </respcondition>
          <respcondition continue="No">
            <conditionvar>
              <varequal respident="response1">1487</varequal>
            </conditionvar>
            <setvar action="Set" varname="SCORE">100</setvar>
            <displayfeedback feedbacktype="Response" linkrefid="correct_fb"/>
          </respcondition>
          <respcondition continue="Yes">
            <conditionvar>
              <other/>
            </conditionvar>
            <displayfeedback feedbacktype="Response" linkrefid="general_incorrect_fb"/>
          </respcondition>
        </resprocessing>
        <itemfeedback ident="general_fb">
          <flow_mat>
            <material>
              <mattext texttype="text/html">&lt;p&gt;Just plain ol' answer feedback.&lt;/p&gt;</mattext>
            </material>
          </flow_mat>
        </itemfeedback>
        <itemfeedback ident="correct_fb">
          <flow_mat>
            <material>
              <mattext texttype="text/html">&lt;p&gt;General correct feedback!&lt;/p&gt;</mattext>
            </material>
          </flow_mat>
        </itemfeedback>
        <itemfeedback ident="general_incorrect_fb">
          <flow_mat>
            <material>
              <mattext texttype="text/html">&lt;p&gt;General incorrect feedback!&lt;/p&gt;</mattext>
            </material>
          </flow_mat>
        </itemfeedback>
        <itemfeedback ident="1487_fb">
          <flow_mat>
            <material>
              <mattext texttype="text/html">&lt;p&gt;Correct!&lt;/p&gt;</mattext>
            </material>
          </flow_mat>
        </itemfeedback>
        <itemfeedback ident="5358_fb">
          <flow_mat>
            <material>
              <mattext texttype="text/html">&lt;p&gt;B is not correct.&lt;/p&gt;</mattext>
            </material>
          </flow_mat>
        </itemfeedback>
        <itemfeedback ident="4197_fb">
          <flow_mat>
            <material>
              <mattext texttype="text/html">&lt;p&gt;C is not correct.&lt;/p&gt;</mattext>
            </material>
          </flow_mat>
        </itemfeedback>
        <itemfeedback ident="4598_fb">
          <flow_mat>
            <material>
              <mattext texttype="text/html">&lt;p&gt;D is not correct!&lt;/p&gt;</mattext>
            </material>
          </flow_mat>
        </itemfeedback>
      </item>
      <item ident="i277904186b054216c81ed05bfb878c50" title="Question">
        <itemmetadata>
          <qtimetadata>
            <qtimetadatafield>
              <fieldlabel>question_type</fieldlabel>
              <fieldentry>true_false_question</fieldentry>
            </qtimetadatafield>
            <qtimetadatafield>
              <fieldlabel>points_possible</fieldlabel>
              <fieldentry>1.0</fieldentry>
            </qtimetadatafield>
            <qtimetadatafield>
              <fieldlabel>assessment_question_identifierref</fieldlabel>
              <fieldentry>i49c39969ab4c465a852bbe33e195fd15</fieldentry>
            </qtimetadatafield>
          </qtimetadata>
        </itemmetadata>
        <presentation>
          <material>
            <mattext texttype="text/html">&lt;div&gt;&lt;p&gt;The grand canyon is deep?&lt;/p&gt;&lt;/div&gt;</mattext>
          </material>
          <response_lid ident="response1" rcardinality="Single">
            <render_choice>
              <response_label ident="7161">
                <material>
                  <mattext texttype="text/plain">True</mattext>
                </material>
              </response_label>
              <response_label ident="460">
                <material>
                  <mattext texttype="text/plain">False</mattext>
                </material>
              </response_label>
            </render_choice>
          </response_lid>
        </presentation>
        <resprocessing>
          <outcomes>
            <decvar maxvalue="100" minvalue="0" varname="SCORE" vartype="Decimal"/>
          </outcomes>
          <respcondition continue="Yes">
            <conditionvar>
              <other/>
            </conditionvar>
            <displayfeedback feedbacktype="Response" linkrefid="general_fb"/>
          </respcondition>
          <respcondition continue="Yes">
            <conditionvar>
              <varequal respident="response1">7161</varequal>
            </conditionvar>
            <displayfeedback feedbacktype="Response" linkrefid="7161_fb"/>
          </respcondition>
          <respcondition continue="Yes">
            <conditionvar>
              <varequal respident="response1">460</varequal>
            </conditionvar>
            <displayfeedback feedbacktype="Response" linkrefid="460_fb"/>
          </respcondition>
          <respcondition continue="No">
            <conditionvar>
              <varequal respident="response1">7161</varequal>
            </conditionvar>
            <setvar action="Set" varname="SCORE">100</setvar>
            <displayfeedback feedbacktype="Response" linkrefid="correct_fb"/>
          </respcondition>
          <respcondition continue="Yes">
            <conditionvar>
              <other/>
            </conditionvar>
            <displayfeedback feedbacktype="Response" linkrefid="general_incorrect_fb"/>
          </respcondition>
        </resprocessing>
        <itemfeedback ident="general_fb">
          <flow_mat>
            <material>
              <mattext texttype="text/html">&lt;p&gt;General feedback&lt;/p&gt;</mattext>
            </material>
          </flow_mat>
        </itemfeedback>
        <itemfeedback ident="correct_fb">
          <flow_mat>
            <material>
              <mattext texttype="text/html">&lt;p&gt;General correct answer feedback.&lt;/p&gt;</mattext>
            </material>
          </flow_mat>
        </itemfeedback>
        <itemfeedback ident="general_incorrect_fb">
          <flow_mat>
            <material>
              <mattext texttype="text/html">&lt;p&gt;General incorrect feedback.&lt;/p&gt;</mattext>
            </material>
          </flow_mat>
        </itemfeedback>
        <itemfeedback ident="7161_fb">
          <flow_mat>
            <material>
              <mattext texttype="text/html">&lt;p&gt;Yes, it is deep.&lt;/p&gt;</mattext>
            </material>
          </flow_mat>
        </itemfeedback>
        <itemfeedback ident="460_fb">
          <flow_mat>
            <material>
              <mattext texttype="text/html">&lt;p&gt;You are wrong. It is a deep canyon.&lt;/p&gt;</mattext>
            </material>
          </flow_mat>
        </itemfeedback>
      </item>
      <item ident="i1edae8837c5857331c0a6356d73c9faf" title="Question">
        <itemmetadata>
          <qtimetadata>
            <qtimetadatafield>
              <fieldlabel>question_type</fieldlabel>
              <fieldentry>short_answer_question</fieldentry>
            </qtimetadatafield>
            <qtimetadatafield>
              <fieldlabel>points_possible</fieldlabel>
              <fieldentry>1.0</fieldentry>
            </qtimetadatafield>
            <qtimetadatafield>
              <fieldlabel>assessment_question_identifierref</fieldlabel>
              <fieldentry>i1a10a2170ae70900b54ac3c7e2f37600</fieldentry>
            </qtimetadatafield>
          </qtimetadata>
        </itemmetadata>
        <presentation>
          <material>
            <mattext texttype="text/html">&lt;div&gt;&lt;p&gt;Fill in the&lt;/p&gt;&lt;/div&gt;</mattext>
          </material>
          <response_str ident="response1" rcardinality="Single">
            <render_fib>
              <response_label ident="answer1" rshuffle="No"/>
            </render_fib>
          </response_str>
        </presentation>
        <resprocessing>
          <outcomes>
            <decvar maxvalue="100" minvalue="0" varname="SCORE" vartype="Decimal"/>
          </outcomes>
          <respcondition continue="Yes">
            <conditionvar>
              <other/>
            </conditionvar>
            <displayfeedback feedbacktype="Response" linkrefid="general_fb"/>
          </respcondition>
          <respcondition continue="Yes">
            <conditionvar>
              <varequal respident="response1">Blank</varequal>
            </conditionvar>
            <displayfeedback feedbacktype="Response" linkrefid="2484_fb"/>
          </respcondition>
          <respcondition continue="Yes">
            <conditionvar>
              <varequal respident="response1">blank</varequal>
            </conditionvar>
            <displayfeedback feedbacktype="Response" linkrefid="8962_fb"/>
          </respcondition>
          <respcondition continue="Yes">
            <conditionvar>
              <varequal respident="response1">space</varequal>
            </conditionvar>
            <displayfeedback feedbacktype="Response" linkrefid="7763_fb"/>
          </respcondition>
          <respcondition continue="Yes">
            <conditionvar>
              <varequal respident="response1">empty spot</varequal>
            </conditionvar>
            <displayfeedback feedbacktype="Response" linkrefid="9627_fb"/>
          </respcondition>
          <respcondition continue="No">
            <conditionvar>
              <varequal respident="response1">Blank</varequal>
              <varequal respident="response1">blank</varequal>
              <varequal respident="response1">space</varequal>
              <varequal respident="response1">empty spot</varequal>
            </conditionvar>
            <setvar action="Set" varname="SCORE">100</setvar>
            <displayfeedback feedbacktype="Response" linkrefid="correct_fb"/>
          </respcondition>
          <respcondition continue="Yes">
            <conditionvar>
              <other/>
            </conditionvar>
            <displayfeedback feedbacktype="Response" linkrefid="general_incorrect_fb"/>
          </respcondition>
        </resprocessing>
        <itemfeedback ident="general_fb">
          <flow_mat>
            <material>
              <mattext texttype="text/html">&lt;p&gt;General feedback for all questions.&lt;/p&gt;</mattext>
            </material>
          </flow_mat>
        </itemfeedback>
        <itemfeedback ident="correct_fb">
          <flow_mat>
            <material>
              <mattext texttype="text/html">&lt;p&gt;General correct feedback.&lt;/p&gt;</mattext>
            </material>
          </flow_mat>
        </itemfeedback>
        <itemfeedback ident="general_incorrect_fb">
          <flow_mat>
            <material>
              <mattext texttype="text/html">&lt;p&gt;General incorrect feedback.&lt;/p&gt;</mattext>
            </material>
          </flow_mat>
        </itemfeedback>
        <itemfeedback ident="2484_fb">
          <flow_mat>
            <material>
              <mattext texttype="text/html">&lt;p&gt;Correct selection feedback!&lt;/p&gt;</mattext>
            </material>
          </flow_mat>
        </itemfeedback>
        <itemfeedback ident="8962_fb">
          <flow_mat>
            <material>
              <mattext texttype="text/html">&lt;p&gt;Correct, but wrong case.&lt;/p&gt;</mattext>
            </material>
          </flow_mat>
        </itemfeedback>
        <itemfeedback ident="7763_fb">
          <flow_mat>
            <material>
              <mattext texttype="text/html">&lt;p&gt;Ehh.. close enough.&lt;/p&gt;</mattext>
            </material>
          </flow_mat>
        </itemfeedback>
        <itemfeedback ident="9627_fb">
          <flow_mat>
            <material>
              <mattext texttype="text/html">&lt;p&gt;I'm being pretty generous here.&lt;/p&gt;</mattext>
            </material>
          </flow_mat>
        </itemfeedback>
      </item>
      <item ident="i5996c5915188b59fb9457d8f258180cf" title="Question">
        <itemmetadata>
          <qtimetadata>
            <qtimetadatafield>
              <fieldlabel>question_type</fieldlabel>
              <fieldentry>fill_in_multiple_blanks_question</fieldentry>
            </qtimetadatafield>
            <qtimetadatafield>
              <fieldlabel>points_possible</fieldlabel>
              <fieldentry>1.0</fieldentry>
            </qtimetadatafield>
            <qtimetadatafield>
              <fieldlabel>assessment_question_identifierref</fieldlabel>
              <fieldentry>i09fa4427c7ec8acff5ff943dba6ff922</fieldentry>
            </qtimetadatafield>
          </qtimetadata>
        </itemmetadata>
        <presentation>
          <material>
            <mattext texttype="text/html">&lt;div&gt;&lt;p&gt;Roses are [color0], violets are [color1]&lt;/p&gt;&lt;/div&gt;</mattext>
          </material>
          <response_lid ident="response_color0">
            <material>
              <mattext>color0</mattext>
            </material>
            <render_choice>
              <response_label ident="6491">
                <material>
                  <mattext texttype="text/plain">Red</mattext>
                </material>
              </response_label>
              <response_label ident="2293">
                <material>
                  <mattext texttype="text/plain">red</mattext>
                </material>
              </response_label>
              <response_label ident="8147">
                <material>
                  <mattext texttype="text/plain">RED</mattext>
                </material>
              </response_label>
            </render_choice>
          </response_lid>
          <response_lid ident="response_color1">
            <material>
              <mattext>color1</mattext>
            </material>
            <render_choice>
              <response_label ident="3814">
                <material>
                  <mattext texttype="text/plain">Blue</mattext>
                </material>
              </response_label>
              <response_label ident="4886">
                <material>
                  <mattext texttype="text/plain">BLUE</mattext>
                </material>
              </response_label>
              <response_label ident="3400">
                <material>
                  <mattext texttype="text/plain">blue</mattext>
                </material>
              </response_label>
            </render_choice>
          </response_lid>
        </presentation>
        <resprocessing>
          <outcomes>
            <decvar maxvalue="100" minvalue="0" varname="SCORE" vartype="Decimal"/>
          </outcomes>
          <respcondition continue="Yes">
            <conditionvar>
              <other/>
            </conditionvar>
            <displayfeedback feedbacktype="Response" linkrefid="general_fb"/>
          </respcondition>
          <respcondition continue="Yes">
            <conditionvar>
              <varequal respident="response_color0">6491</varequal>
            </conditionvar>
            <displayfeedback feedbacktype="Response" linkrefid="6491_fb"/>
          </respcondition>
          <respcondition continue="Yes">
            <conditionvar>
              <varequal respident="response_color0">2293</varequal>
            </conditionvar>
            <displayfeedback feedbacktype="Response" linkrefid="2293_fb"/>
          </respcondition>
          <respcondition continue="Yes">
            <conditionvar>
              <varequal respident="response_color0">8147</varequal>
            </conditionvar>
            <displayfeedback feedbacktype="Response" linkrefid="8147_fb"/>
          </respcondition>
          <respcondition continue="Yes">
            <conditionvar>
              <varequal respident="response_color1">3814</varequal>
            </conditionvar>
            <displayfeedback feedbacktype="Response" linkrefid="3814_fb"/>
          </respcondition>
          <respcondition continue="Yes">
            <conditionvar>
              <varequal respident="response_color1">4886</varequal>
            </conditionvar>
            <displayfeedback feedbacktype="Response" linkrefid="4886_fb"/>
          </respcondition>
          <respcondition continue="Yes">
            <conditionvar>
              <varequal respident="response_color1">3400</varequal>
            </conditionvar>
            <displayfeedback feedbacktype="Response" linkrefid="3400_fb"/>
          </respcondition>
          <respcondition>
            <conditionvar>
              <varequal respident="response_color0">6491</varequal>
            </conditionvar>
            <setvar varname="SCORE" action="Add">50.00</setvar>
          </respcondition>
          <respcondition>
            <conditionvar>
              <varequal respident="response_color1">3814</varequal>
            </conditionvar>
            <setvar varname="SCORE" action="Add">50.00</setvar>
          </respcondition>
        </resprocessing>
        <itemfeedback ident="general_fb">
          <flow_mat>
            <material>
              <mattext texttype="text/html">&lt;p&gt;General any answer feedback.&lt;/p&gt;</mattext>
            </material>
          </flow_mat>
        </itemfeedback>
        <itemfeedback ident="correct_fb">
          <flow_mat>
            <material>
              <mattext texttype="text/html">&lt;p&gt;General correct feedback.&lt;/p&gt;</mattext>
            </material>
          </flow_mat>
        </itemfeedback>
        <itemfeedback ident="general_incorrect_fb">
          <flow_mat>
            <material>
              <mattext texttype="text/html">&lt;p&gt;General incorrect feedback.&lt;/p&gt;</mattext>
            </material>
          </flow_mat>
        </itemfeedback>
        <itemfeedback ident="6491_fb">
          <flow_mat>
            <material>
              <mattext texttype="text/html">&lt;p&gt;Correct, even the capitalization.&lt;/p&gt;</mattext>
            </material>
          </flow_mat>
        </itemfeedback>
        <itemfeedback ident="2293_fb">
          <flow_mat>
            <material>
              <mattext texttype="text/html">&lt;p&gt;Yes, but wrong case.&lt;/p&gt;</mattext>
            </material>
          </flow_mat>
        </itemfeedback>
        <itemfeedback ident="8147_fb">
          <flow_mat>
            <material>
              <mattext texttype="text/html">&lt;p&gt;Yes, but stop yelling.&lt;/p&gt;</mattext>
            </material>
          </flow_mat>
        </itemfeedback>
        <itemfeedback ident="3814_fb">
          <flow_mat>
            <material>
              <mattext texttype="text/html">&lt;p&gt;Yes, good job.&lt;/p&gt;</mattext>
            </material>
          </flow_mat>
        </itemfeedback>
        <itemfeedback ident="4886_fb">
          <flow_mat>
            <material>
              <mattext texttype="text/html">&lt;p&gt;Yes, stop yelling.&lt;/p&gt;</mattext>
            </material>
          </flow_mat>
        </itemfeedback>
        <itemfeedback ident="3400_fb">
          <flow_mat>
            <material>
              <mattext texttype="text/html">&lt;p&gt;Yes, but capitalize.&lt;/p&gt;</mattext>
            </material>
          </flow_mat>
        </itemfeedback>
      </item>
      <item ident="ibda6a7599d675f3d84e87b6ac442edf0" title="Question">
        <itemmetadata>
          <qtimetadata>
            <qtimetadatafield>
              <fieldlabel>question_type</fieldlabel>
              <fieldentry>multiple_answers_question</fieldentry>
            </qtimetadatafield>
            <qtimetadatafield>
              <fieldlabel>points_possible</fieldlabel>
              <fieldentry>1.0</fieldentry>
            </qtimetadatafield>
            <qtimetadatafield>
              <fieldlabel>assessment_question_identifierref</fieldlabel>
              <fieldentry>id27f0f0a4bf60dc7db311dea24e9fa09</fieldentry>
            </qtimetadatafield>
          </qtimetadata>
        </itemmetadata>
        <presentation>
          <material>
            <mattext texttype="text/html">&lt;div&gt;&lt;p&gt;Which are prime?&lt;/p&gt;&lt;/div&gt;</mattext>
          </material>
          <response_lid ident="response1" rcardinality="Multiple">
            <render_choice>
              <response_label ident="945">
                <material>
                  <mattext texttype="text/plain"></mattext>
                </material>
              </response_label>
              <response_label ident="6532">
                <material>
                  <mattext texttype="text/plain"></mattext>
                </material>
              </response_label>
              <response_label ident="9078">
                <material>
                  <mattext texttype="text/plain">3</mattext>
                </material>
              </response_label>
              <response_label ident="5022">
                <material>
                  <mattext texttype="text/plain">5</mattext>
                </material>
              </response_label>
              <response_label ident="907">
                <material>
                  <mattext texttype="text/plain">6</mattext>
                </material>
              </response_label>
              <response_label ident="9720">
                <material>
                  <mattext texttype="text/plain">7</mattext>
                </material>
              </response_label>
            </render_choice>
          </response_lid>
        </presentation>
        <resprocessing>
          <outcomes>
            <decvar maxvalue="100" minvalue="0" varname="SCORE" vartype="Decimal"/>
          </outcomes>
          <respcondition continue="Yes">
            <conditionvar>
              <other/>
            </conditionvar>
            <displayfeedback feedbacktype="Response" linkrefid="general_fb"/>
          </respcondition>
          <respcondition continue="Yes">
            <conditionvar>
              <varequal respident="response1">9078</varequal>
            </conditionvar>
            <displayfeedback feedbacktype="Response" linkrefid="9078_fb"/>
          </respcondition>
          <respcondition continue="Yes">
            <conditionvar>
              <varequal respident="response1">5022</varequal>
            </conditionvar>
            <displayfeedback feedbacktype="Response" linkrefid="5022_fb"/>
          </respcondition>
          <respcondition continue="Yes">
            <conditionvar>
              <varequal respident="response1">907</varequal>
            </conditionvar>
            <displayfeedback feedbacktype="Response" linkrefid="907_fb"/>
          </respcondition>
          <respcondition continue="Yes">
            <conditionvar>
              <varequal respident="response1">9720</varequal>
            </conditionvar>
            <displayfeedback feedbacktype="Response" linkrefid="9720_fb"/>
          </respcondition>
          <respcondition continue="No">
            <conditionvar>
              <and>
                <not>
                  <varequal respident="response1">945</varequal>
                </not>
                <not>
                  <varequal respident="response1">6532</varequal>
                </not>
                <varequal respident="response1">9078</varequal>
                <varequal respident="response1">5022</varequal>
                <not>
                  <varequal respident="response1">907</varequal>
                </not>
                <varequal respident="response1">9720</varequal>
              </and>
            </conditionvar>
            <setvar action="Set" varname="SCORE">100</setvar>
            <displayfeedback feedbacktype="Response" linkrefid="correct_fb"/>
          </respcondition>
          <respcondition continue="Yes">
            <conditionvar>
              <other/>
            </conditionvar>
            <displayfeedback feedbacktype="Response" linkrefid="general_incorrect_fb"/>
          </respcondition>
        </resprocessing>
        <itemfeedback ident="general_fb">
          <flow_mat>
            <material>
              <mattext texttype="text/html">&lt;p&gt;You answered the question.&lt;/p&gt;</mattext>
            </material>
          </flow_mat>
        </itemfeedback>
        <itemfeedback ident="correct_fb">
          <flow_mat>
            <material>
              <mattext texttype="text/html">&lt;p&gt;You picked a prime!&lt;/p&gt;</mattext>
            </material>
          </flow_mat>
        </itemfeedback>
        <itemfeedback ident="general_incorrect_fb">
          <flow_mat>
            <material>
              <mattext texttype="text/html">&lt;p&gt;You didn't pick a prime.&lt;/p&gt;</mattext>
            </material>
          </flow_mat>
        </itemfeedback>
        <itemfeedback ident="9078_fb">
          <flow_mat>
            <material>
              <mattext texttype="text/html">&lt;p&gt;3 is prime.&lt;/p&gt;</mattext>
            </material>
          </flow_mat>
        </itemfeedback>
        <itemfeedback ident="5022_fb">
          <flow_mat>
            <material>
              <mattext texttype="text/html">&lt;p&gt;5 is prime.&lt;/p&gt;</mattext>
            </material>
          </flow_mat>
        </itemfeedback>
        <itemfeedback ident="907_fb">
          <flow_mat>
            <material>
              <mattext texttype="text/html">&lt;p&gt;6 is not prime.&lt;/p&gt;</mattext>
            </material>
          </flow_mat>
        </itemfeedback>
        <itemfeedback ident="9720_fb">
          <flow_mat>
            <material>
              <mattext texttype="text/html">&lt;p&gt;7 is prime.&lt;/p&gt;</mattext>
            </material>
          </flow_mat>
        </itemfeedback>
      </item>
      <item ident="i7957ed45c30cf9c17821a00e063cbd52" title="Question">
        <itemmetadata>
          <qtimetadata>
            <qtimetadatafield>
              <fieldlabel>question_type</fieldlabel>
              <fieldentry>multiple_dropdowns_question</fieldentry>
            </qtimetadatafield>
            <qtimetadatafield>
              <fieldlabel>points_possible</fieldlabel>
              <fieldentry>1.0</fieldentry>
            </qtimetadatafield>
            <qtimetadatafield>
              <fieldlabel>assessment_question_identifierref</fieldlabel>
              <fieldentry>i65468e1d230f73423092119757b5e03b</fieldentry>
            </qtimetadatafield>
          </qtimetadata>
        </itemmetadata>
        <presentation>
          <material>
            <mattext texttype="text/html">&lt;div&gt;&lt;p&gt;Roses are [color0], violets are [color1]&lt;/p&gt;&lt;/div&gt;</mattext>
          </material>
          <response_lid ident="response_color0">
            <material>
              <mattext>color0</mattext>
            </material>
            <render_choice>
              <response_label ident="6035">
                <material>
                  <mattext texttype="text/plain">Red</mattext>
                </material>
              </response_label>
              <response_label ident="1181">
                <material>
                  <mattext texttype="text/plain">yellow</mattext>
                </material>
              </response_label>
              <response_label ident="5081">
                <material>
                  <mattext texttype="text/plain">orange</mattext>
                </material>
              </response_label>
            </render_choice>
          </response_lid>
          <response_lid ident="response_color1">
            <material>
              <mattext>color1</mattext>
            </material>
            <render_choice>
              <response_label ident="8419">
                <material>
                  <mattext texttype="text/plain">Blue</mattext>
                </material>
              </response_label>
              <response_label ident="402">
                <material>
                  <mattext texttype="text/plain">Not blue</mattext>
                </material>
              </response_label>
            </render_choice>
          </response_lid>
        </presentation>
        <resprocessing>
          <outcomes>
            <decvar maxvalue="100" minvalue="0" varname="SCORE" vartype="Decimal"/>
          </outcomes>
          <respcondition continue="Yes">
            <conditionvar>
              <other/>
            </conditionvar>
            <displayfeedback feedbacktype="Response" linkrefid="general_fb"/>
          </respcondition>
          <respcondition continue="Yes">
            <conditionvar>
              <varequal respident="response_color0">6035</varequal>
            </conditionvar>
            <displayfeedback feedbacktype="Response" linkrefid="6035_fb"/>
          </respcondition>
          <respcondition continue="Yes">
            <conditionvar>
              <varequal respident="response_color0">1181</varequal>
            </conditionvar>
            <displayfeedback feedbacktype="Response" linkrefid="1181_fb"/>
          </respcondition>
          <respcondition continue="Yes">
            <conditionvar>
              <varequal respident="response_color0">5081</varequal>
            </conditionvar>
            <displayfeedback feedbacktype="Response" linkrefid="5081_fb"/>
          </respcondition>
          <respcondition continue="Yes">
            <conditionvar>
              <varequal respident="response_color1">8419</varequal>
            </conditionvar>
            <displayfeedback feedbacktype="Response" linkrefid="8419_fb"/>
          </respcondition>
          <respcondition continue="Yes">
            <conditionvar>
              <varequal respident="response_color1">402</varequal>
            </conditionvar>
            <displayfeedback feedbacktype="Response" linkrefid="402_fb"/>
          </respcondition>
          <respcondition>
            <conditionvar>
              <varequal respident="response_color0">6035</varequal>
            </conditionvar>
            <setvar varname="SCORE" action="Add">50.00</setvar>
          </respcondition>
          <respcondition>
            <conditionvar>
              <varequal respident="response_color1">8419</varequal>
            </conditionvar>
            <setvar varname="SCORE" action="Add">50.00</setvar>
          </respcondition>
        </resprocessing>
        <itemfeedback ident="general_fb">
          <flow_mat>
            <material>
              <mattext texttype="text/html">&lt;p&gt;You answered!&lt;/p&gt;</mattext>
            </material>
          </flow_mat>
        </itemfeedback>
        <itemfeedback ident="correct_fb">
          <flow_mat>
            <material>
              <mattext texttype="text/html">&lt;p&gt;You win!&lt;/p&gt;</mattext>
            </material>
          </flow_mat>
        </itemfeedback>
        <itemfeedback ident="general_incorrect_fb">
          <flow_mat>
            <material>
              <mattext texttype="text/html">&lt;p&gt;You lose!&lt;/p&gt;</mattext>
            </material>
          </flow_mat>
        </itemfeedback>
        <itemfeedback ident="6035_fb">
          <flow_mat>
            <material>
              <mattext texttype="text/html">&lt;p&gt;Correct selection.&lt;/p&gt;</mattext>
            </material>
          </flow_mat>
        </itemfeedback>
        <itemfeedback ident="1181_fb">
          <flow_mat>
            <material>
              <mattext texttype="text/html">&lt;p&gt;Yellow is not it.&lt;/p&gt;</mattext>
            </material>
          </flow_mat>
        </itemfeedback>
        <itemfeedback ident="5081_fb">
          <flow_mat>
            <material>
              <mattext texttype="text/html">&lt;p&gt;Orange is not it.&lt;/p&gt;</mattext>
            </material>
          </flow_mat>
        </itemfeedback>
        <itemfeedback ident="8419_fb">
          <flow_mat>
            <material>
              <mattext texttype="text/html">&lt;p&gt;Blue is right.&lt;/p&gt;</mattext>
            </material>
          </flow_mat>
        </itemfeedback>
        <itemfeedback ident="402_fb">
          <flow_mat>
            <material>
              <mattext texttype="text/html">&lt;p&gt;not blue is not right.&lt;/p&gt;</mattext>
            </material>
          </flow_mat>
        </itemfeedback>
      </item>
      <item ident="i21c653c8bd01484228ee01cfa7fe2bad" title="Question">
        <itemmetadata>
          <qtimetadata>
            <qtimetadatafield>
              <fieldlabel>question_type</fieldlabel>
              <fieldentry>matching_question</fieldentry>
            </qtimetadatafield>
            <qtimetadatafield>
              <fieldlabel>points_possible</fieldlabel>
              <fieldentry>1.0</fieldentry>
            </qtimetadatafield>
            <qtimetadatafield>
              <fieldlabel>assessment_question_identifierref</fieldlabel>
              <fieldentry>ia3bbe5a00672575660d88730ac60f7f2</fieldentry>
            </qtimetadatafield>
          </qtimetadata>
        </itemmetadata>
        <presentation>
          <material>
            <mattext texttype="text/html">&lt;div&gt;&lt;p&gt;Which things match?&lt;/p&gt;&lt;/div&gt;</mattext>
          </material>
          <response_lid ident="response_1389">
            <material>
              <mattext texttype="text/plain"></mattext>
            </material>
            <render_choice>
              <response_label ident="7345">
                <material>
                  <mattext></mattext>
                </material>
              </response_label>
              <response_label ident="586">
                <material>
                  <mattext>Roses</mattext>
                </material>
              </response_label>
              <response_label ident="179">
                <material>
                  <mattext>Violets</mattext>
                </material>
              </response_label>
              <response_label ident="8552">
                <material>
                  <mattext>Yellow</mattext>
                </material>
              </response_label>
              <response_label ident="3010">
                <material>
                  <mattext>Lilac</mattext>
                </material>
              </response_label>
            </render_choice>
          </response_lid>
          <response_lid ident="response_3565">
            <material>
              <mattext texttype="text/plain"></mattext>
            </material>
            <render_choice>
              <response_label ident="7345">
                <material>
                  <mattext></mattext>
                </material>
              </response_label>
              <response_label ident="586">
                <material>
                  <mattext>Roses</mattext>
                </material>
              </response_label>
              <response_label ident="179">
                <material>
                  <mattext>Violets</mattext>
                </material>
              </response_label>
              <response_label ident="8552">
                <material>
                  <mattext>Yellow</mattext>
                </material>
              </response_label>
              <response_label ident="3010">
                <material>
                  <mattext>Lilac</mattext>
                </material>
              </response_label>
            </render_choice>
          </response_lid>
          <response_lid ident="response_5012">
            <material>
              <mattext texttype="text/plain">Red</mattext>
            </material>
            <render_choice>
              <response_label ident="7345">
                <material>
                  <mattext></mattext>
                </material>
              </response_label>
              <response_label ident="586">
                <material>
                  <mattext>Roses</mattext>
                </material>
              </response_label>
              <response_label ident="179">
                <material>
                  <mattext>Violets</mattext>
                </material>
              </response_label>
              <response_label ident="8552">
                <material>
                  <mattext>Yellow</mattext>
                </material>
              </response_label>
              <response_label ident="3010">
                <material>
                  <mattext>Lilac</mattext>
                </material>
              </response_label>
            </render_choice>
          </response_lid>
          <response_lid ident="response_6169">
            <material>
              <mattext texttype="text/plain">Blue</mattext>
            </material>
            <render_choice>
              <response_label ident="7345">
                <material>
                  <mattext></mattext>
                </material>
              </response_label>
              <response_label ident="586">
                <material>
                  <mattext>Roses</mattext>
                </material>
              </response_label>
              <response_label ident="179">
                <material>
                  <mattext>Violets</mattext>
                </material>
              </response_label>
              <response_label ident="8552">
                <material>
                  <mattext>Yellow</mattext>
                </material>
              </response_label>
              <response_label ident="3010">
                <material>
                  <mattext>Lilac</mattext>
                </material>
              </response_label>
            </render_choice>
          </response_lid>
        </presentation>
        <resprocessing>
          <outcomes>
            <decvar maxvalue="100" minvalue="0" varname="SCORE" vartype="Decimal"/>
          </outcomes>
          <respcondition continue="Yes">
            <conditionvar>
              <other/>
            </conditionvar>
            <displayfeedback feedbacktype="Response" linkrefid="general_fb"/>
          </respcondition>
          <respcondition>
            <conditionvar>
              <varequal respident="response_1389">7345</varequal>
            </conditionvar>
            <setvar varname="SCORE" action="Add">25.00</setvar>
          </respcondition>
          <respcondition>
            <conditionvar>
              <varequal respident="response_3565">7345</varequal>
            </conditionvar>
            <setvar varname="SCORE" action="Add">25.00</setvar>
          </respcondition>
          <respcondition>
            <conditionvar>
              <varequal respident="response_5012">586</varequal>
            </conditionvar>
            <setvar varname="SCORE" action="Add">25.00</setvar>
          </respcondition>
          <respcondition>
            <conditionvar>
              <not>
                <varequal respident="response_5012">586</varequal>
              </not>
            </conditionvar>
            <displayfeedback feedbacktype="Response" linkrefid="5012_fb"/>
          </respcondition>
          <respcondition>
            <conditionvar>
              <varequal respident="response_6169">179</varequal>
            </conditionvar>
            <setvar varname="SCORE" action="Add">25.00</setvar>
          </respcondition>
          <respcondition>
            <conditionvar>
              <not>
                <varequal respident="response_6169">179</varequal>
              </not>
            </conditionvar>
            <displayfeedback feedbacktype="Response" linkrefid="6169_fb"/>
          </respcondition>
        </resprocessing>
        <itemfeedback ident="general_fb">
          <flow_mat>
            <material>
              <mattext texttype="text/html">&lt;p&gt;You answered.&lt;/p&gt;</mattext>
            </material>
          </flow_mat>
        </itemfeedback>
        <itemfeedback ident="correct_fb">
          <flow_mat>
            <material>
              <mattext texttype="text/html">&lt;p&gt;You answered correct.&lt;/p&gt;</mattext>
            </material>
          </flow_mat>
        </itemfeedback>
        <itemfeedback ident="general_incorrect_fb">
          <flow_mat>
            <material>
              <mattext texttype="text/html">&lt;p&gt;You answered incorrectly&lt;/p&gt;</mattext>
            </material>
          </flow_mat>
        </itemfeedback>
        <itemfeedback ident="5012_fb">
          <flow_mat>
            <material>
              <mattext texttype="text/html">&lt;p&gt;Yes, Roses are red.&lt;/p&gt;</mattext>
            </material>
          </flow_mat>
        </itemfeedback>
        <itemfeedback ident="6169_fb">
          <flow_mat>
            <material>
              <mattext texttype="text/html">&lt;p&gt;Yes, violets are blue.&lt;/p&gt;</mattext>
            </material>
          </flow_mat>
        </itemfeedback>
      </item>
      <item ident="ibb0d47e58b9665ae4ef9be6f2dc49641" title="Question">
        <itemmetadata>
          <qtimetadata>
            <qtimetadatafield>
              <fieldlabel>question_type</fieldlabel>
              <fieldentry>numerical_question</fieldentry>
            </qtimetadatafield>
            <qtimetadatafield>
              <fieldlabel>points_possible</fieldlabel>
              <fieldentry>1.0</fieldentry>
            </qtimetadatafield>
            <qtimetadatafield>
              <fieldlabel>assessment_question_identifierref</fieldlabel>
              <fieldentry>i7fc351736366fd4290def26a486658b5</fieldentry>
            </qtimetadatafield>
          </qtimetadata>
        </itemmetadata>
        <presentation>
          <material>
            <mattext texttype="text/html">&lt;div&gt;&lt;p&gt;Pick a value that is either PI or between 2 and 3 pi.&lt;/p&gt;&lt;/div&gt;</mattext>
          </material>
          <response_str ident="response1" rcardinality="Single">
            <render_fib fibtype="Decimal">
              <response_label ident="answer1"/>
            </render_fib>
          </response_str>
        </presentation>
        <resprocessing>
          <outcomes>
            <decvar maxvalue="100" minvalue="0" varname="SCORE" vartype="Decimal"/>
          </outcomes>
          <respcondition continue="Yes">
            <conditionvar>
              <other/>
            </conditionvar>
            <displayfeedback feedbacktype="Response" linkrefid="general_fb"/>
          </respcondition>
          <respcondition continue="No">
            <conditionvar>
              <or>
                <varequal respident="response1">0.05</varequal>
                <and>
                  <vargte respident="response1">-3.09</vargte>
                  <varlte respident="response1">3.19</varlte>
                </and>
              </or>
            </conditionvar>
            <setvar action="Set" varname="SCORE">100</setvar>
            <displayfeedback feedbacktype="Response" linkrefid="2642_fb"/>
            <displayfeedback feedbacktype="Response" linkrefid="correct_fb"/>
          </respcondition>
          <respcondition continue="No">
            <conditionvar>
              <vargte respident="response1">6.28</vargte>
              <varlte respident="response1">9.42</varlte>
            </conditionvar>
            <setvar action="Set" varname="SCORE">100</setvar>
            <displayfeedback feedbacktype="Response" linkrefid="2410_fb"/>
            <displayfeedback feedbacktype="Response" linkrefid="correct_fb"/>
          </respcondition>
          <respcondition continue="Yes">
            <conditionvar>
              <other/>
            </conditionvar>
            <displayfeedback feedbacktype="Response" linkrefid="general_incorrect_fb"/>
          </respcondition>
        </resprocessing>
        <itemfeedback ident="general_fb">
          <flow_mat>
            <material>
              <mattext texttype="text/html">&lt;p&gt;You answered the question.&lt;/p&gt;</mattext>
            </material>
          </flow_mat>
        </itemfeedback>
        <itemfeedback ident="correct_fb">
          <flow_mat>
            <material>
              <mattext texttype="text/html">&lt;p&gt;You answered correctly.&lt;/p&gt;</mattext>
            </material>
          </flow_mat>
        </itemfeedback>
        <itemfeedback ident="general_incorrect_fb">
          <flow_mat>
            <material>
              <mattext texttype="text/html">&lt;p&gt;You answered incorrectly.&lt;/p&gt;</mattext>
            </material>
          </flow_mat>
        </itemfeedback>
        <itemfeedback ident="2642_fb">
          <flow_mat>
            <material>
              <mattext texttype="text/html">&lt;p&gt;This is pi&lt;/p&gt;</mattext>
            </material>
          </flow_mat>
        </itemfeedback>
        <itemfeedback ident="2410_fb">
          <flow_mat>
            <material>
              <mattext texttype="text/html">&lt;p&gt;This is in the right range.&lt;/p&gt;</mattext>
            </material>
          </flow_mat>
        </itemfeedback>
      </item>
      <item ident="ib67c0129a190421da2505450cc387390" title="Question">
        <itemmetadata>
          <qtimetadata>
            <qtimetadatafield>
              <fieldlabel>question_type</fieldlabel>
              <fieldentry>file_upload_question</fieldentry>
            </qtimetadatafield>
            <qtimetadatafield>
              <fieldlabel>points_possible</fieldlabel>
              <fieldentry>1.0</fieldentry>
            </qtimetadatafield>
            <qtimetadatafield>
              <fieldlabel>assessment_question_identifierref</fieldlabel>
              <fieldentry>i8a5ef2ab7a44e8348a1654680e8a9e17</fieldentry>
            </qtimetadatafield>
          </qtimetadata>
        </itemmetadata>
        <presentation>
          <material>
            <mattext texttype="text/html">&lt;div&gt;&lt;p&gt;Give me a good file.&lt;/p&gt;&lt;/div&gt;</mattext>
          </material>
        </presentation>
      </item>
      <item ident="i353f8ee73bfc78d475690f4532f755e6" title="Question">
        <itemmetadata>
          <qtimetadata>
            <qtimetadatafield>
              <fieldlabel>question_type</fieldlabel>
              <fieldentry>text_only_question</fieldentry>
            </qtimetadatafield>
            <qtimetadatafield>
              <fieldlabel>points_possible</fieldlabel>
              <fieldentry>0</fieldentry>
            </qtimetadatafield>
            <qtimetadatafield>
              <fieldlabel>assessment_question_identifierref</fieldlabel>
              <fieldentry>if47b767d37e06559ff801f2d253307ba</fieldentry>
            </qtimetadatafield>
          </qtimetadata>
        </itemmetadata>
        <presentation>
          <material>
            <mattext texttype="text/html">&lt;div&gt;&lt;p&gt;This is text. Do with it what you will.&lt;/p&gt;&lt;/div&gt;</mattext>
          </material>
        </presentation>
      </item>
      <item ident="i3260fc0a1f828b9524f5a5cee5591bc3" title="Question">
        <itemmetadata>
          <qtimetadata>
            <qtimetadatafield>
              <fieldlabel>question_type</fieldlabel>
              <fieldentry>essay_question</fieldentry>
            </qtimetadatafield>
            <qtimetadatafield>
              <fieldlabel>points_possible</fieldlabel>
              <fieldentry>1.0</fieldentry>
            </qtimetadatafield>
            <qtimetadatafield>
              <fieldlabel>assessment_question_identifierref</fieldlabel>
              <fieldentry>ibabe4dc88d7508b1213016a140faa227</fieldentry>
            </qtimetadatafield>
          </qtimetadata>
        </itemmetadata>
        <presentation>
          <material>
            <mattext texttype="text/html">&lt;div&gt;&lt;p&gt;What do you think?&lt;/p&gt;&lt;/div&gt;</mattext>
          </material>
          <response_str ident="response1" rcardinality="Single">
            <render_fib>
              <response_label ident="answer1" rshuffle="No"/>
            </render_fib>
          </response_str>
        </presentation>
        <resprocessing>
          <outcomes>
            <decvar maxvalue="100" minvalue="0" varname="SCORE" vartype="Decimal"/>
          </outcomes>
          <respcondition continue="Yes">
            <conditionvar>
              <other/>
            </conditionvar>
            <displayfeedback feedbacktype="Response" linkrefid="general_fb"/>
          </respcondition>
          <respcondition continue="No">
            <conditionvar>
              <other/>
            </conditionvar>
          </respcondition>
        </resprocessing>
        <itemfeedback ident="general_fb">
          <flow_mat>
            <material>
              <mattext texttype="text/html">&lt;p&gt;You thought!&lt;/p&gt;</mattext>
            </material>
          </flow_mat>
        </itemfeedback>
      </item>
      <item ident="i9aa4c6eeb4358d1a01274bd6eef320ba" title="Question">
        <itemmetadata>
          <qtimetadata>
            <qtimetadatafield>
              <fieldlabel>question_type</fieldlabel>
              <fieldentry>calculated_question</fieldentry>
            </qtimetadatafield>
            <qtimetadatafield>
              <fieldlabel>points_possible</fieldlabel>
              <fieldentry>1.0</fieldentry>
            </qtimetadatafield>
            <qtimetadatafield>
              <fieldlabel>assessment_question_identifierref</fieldlabel>
              <fieldentry>iaa691edd5f74027d092f106472b0ebcc</fieldentry>
            </qtimetadatafield>
          </qtimetadata>
        </itemmetadata>
        <presentation>
          <material>
            <mattext texttype="text/html">&lt;div&gt;&lt;p&gt;What is 5 plus [x]?&lt;/p&gt;&lt;/div&gt;</mattext>
          </material>
          <response_str ident="response1" rcardinality="Single">
            <render_fib fibtype="Decimal">
              <response_label ident="answer1"/>
            </render_fib>
          </response_str>
        </presentation>
        <resprocessing>
          <outcomes>
            <decvar maxvalue="100" minvalue="0" varname="SCORE" vartype="Decimal"/>
          </outcomes>
          <respcondition continue="Yes">
            <conditionvar>
              <other/>
            </conditionvar>
            <displayfeedback feedbacktype="Response" linkrefid="general_fb"/>
          </respcondition>
          <respcondition title="correct">
            <conditionvar>
              <other/>
            </conditionvar>
            <setvar varname="SCORE" action="Set">100</setvar>
          </respcondition>
          <respcondition title="incorrect">
            <conditionvar>
              <not>
                <other/>
              </not>
            </conditionvar>
            <setvar varname="SCORE" action="Set">0</setvar>
          </respcondition>
          <respcondition continue="Yes">
            <conditionvar>
              <other/>
            </conditionvar>
            <displayfeedback feedbacktype="Response" linkrefid="general_incorrect_fb"/>
          </respcondition>
        </resprocessing>
        <itemproc_extension>
          <calculated>
            <answer_tolerance>10%</answer_tolerance>
            <formulas decimal_places="2">
              <formula>5 + x</formula>
            </formulas>
            <vars>
              <var name="x" scale="2">
                <min>1.0</min>
                <max>10.0</max>
              </var>
            </vars>
            <var_sets>
              <var_set ident="7649">
                <var name="x">7.56</var>
                <answer>12.56</answer>
              </var_set>
              <var_set ident="2917">
                <var name="x">9.61</var>
                <answer>14.61</answer>
              </var_set>
              <var_set ident="9258">
                <var name="x">8.03</var>
                <answer>13.03</answer>
              </var_set>
            </var_sets>
          </calculated>
        </itemproc_extension>
        <itemfeedback ident="general_fb">
          <flow_mat>
            <material>
              <mattext texttype="text/html">&lt;p&gt;You answered.&lt;/p&gt;</mattext>
            </material>
          </flow_mat>
        </itemfeedback>
        <itemfeedback ident="correct_fb">
          <flow_mat>
            <material>
              <mattext texttype="text/html">&lt;p&gt;YOu answered right.&lt;/p&gt;</mattext>
            </material>
          </flow_mat>
        </itemfeedback>
        <itemfeedback ident="general_incorrect_fb">
          <flow_mat>
            <material>
              <mattext texttype="text/html">&lt;p&gt;You answered wrong&lt;/p&gt;</mattext>
            </material>
          </flow_mat>
        </itemfeedback>
      </item>
      <item ident="i7620b7dec39fc7f1c9cb818cb1693d04" title="Question">
        <itemmetadata>
          <qtimetadata>
            <qtimetadatafield>
              <fieldlabel>question_type</fieldlabel>
              <fieldentry>text_only_question</fieldentry>
            </qtimetadatafield>
            <qtimetadatafield>
              <fieldlabel>points_possible</fieldlabel>
              <fieldentry>0</fieldentry>
            </qtimetadatafield>
            <qtimetadatafield>
              <fieldlabel>assessment_question_identifierref</fieldlabel>
              <fieldentry>if47b767d37e06559ff801f2d253307ba</fieldentry>
            </qtimetadatafield>
          </qtimetadata>
        </itemmetadata>
        <presentation>
          <material>
            <mattext texttype="text/html">&lt;div&gt;
&lt;p&gt;All the weird stuff.&lt;/p&gt;
&lt;p&gt;&lt;img src="%24IMS-CC-FILEBASE%24/IMG_2523.JPG" alt="IMG_2523.JPG" width="200" height="200"&gt;&lt;/p&gt;
&lt;p&gt; &lt;/p&gt;
&lt;p&gt;&lt;a class="" title="Link" href="https://www.google.com/" data-preview-alt=""&gt;Link&lt;/a&gt;&lt;/p&gt;
&lt;p&gt; &lt;/p&gt;
&lt;table&gt;
&lt;tbody&gt;
&lt;tr&gt;
&lt;td style="text-align: center;"&gt;Why&lt;/td&gt;
&lt;td&gt;Would&lt;/td&gt;
&lt;td&gt;You &lt;/td&gt;
&lt;td&gt;Wnat&lt;/td&gt;
&lt;/tr&gt;
&lt;tr&gt;
&lt;td&gt;One&lt;/td&gt;
&lt;td&gt;Of &lt;/td&gt;
&lt;td&gt;These&lt;/td&gt;
&lt;td&gt;&lt;/td&gt;
&lt;/tr&gt;
&lt;/tbody&gt;
&lt;/table&gt;
&lt;p style="text-align: center;"&gt;Centered Text&lt;/p&gt;
&lt;p style="text-align: right;"&gt;Right aligned Text&lt;/p&gt;
&lt;p style="text-align: left;"&gt;Mathy business&lt;sup&gt;2&lt;/sup&gt;&lt;/p&gt;
&lt;p style="text-align: left;"&gt;&lt;sup&gt;&lt;img class="equation_image" title="E\:=\:mc^2" src="https://atomicjolt.instructure.com/equation_images/E%255C%253A%253D%255C%253Amc%255E2" alt="LaTeX: E\:=\:mc^2" data-equation-content="E\:=\:mc^2"&gt;&lt;/sup&gt;&lt;/p&gt;
&lt;p style="text-align: left;"&gt; &lt;/p&gt;
&lt;p style="text-align: left;"&gt;&lt;span style="background-color: #000000;"&gt;&lt;sup&gt;&lt;span style="color: #ffffff;"&gt;COLORED TEXT&lt;/span&gt;&lt;/sup&gt;&lt;/span&gt;&lt;/p&gt;
&lt;p style="text-align: left;"&gt; &lt;/p&gt;
&lt;p style="text-align: left;"&gt; &lt;/p&gt;
&lt;/div&gt;</mattext>
          </material>
        </presentation>
      </item>
    </section>
  </assessment>
</questestinterop>
