<?xml version="1.0" encoding="UTF-8"?>
<manifest identifier="idba3e85ed84fa72f90513b8583ebcf7d" xmlns="http://www.imsglobal.org/xsd/imsccv1p1/imscp_v1p1" xmlns:lom="http://ltsc.ieee.org/xsd/imsccv1p1/LOM/resource" xmlns:imsmd="http://www.imsglobal.org/xsd/imsmd_v1p2" xmlns:xsi="http://www.w3.org/2001/XMLSchema-instance" xsi:schemaLocation="http://www.imsglobal.org/xsd/imsccv1p1/imscp_v1p1 http://www.imsglobal.org/xsd/imscp_v1p1.xsd http://ltsc.ieee.org/xsd/imsccv1p1/LOM/resource http://www.imsglobal.org/profile/cc/ccv1p1/LOM/ccv1p1_lomresource_v1p0.xsd http://www.imsglobal.org/xsd/imsmd_v1p2 http://www.imsglobal.org/xsd/imsmd_v1p2p2.xsd">
  <metadata>
    <schema>IMS Content</schema>
    <schemaversion>1.1.3</schemaversion>
    <imsmd:lom>
      <imsmd:general>
        <imsmd:title>
          <imsmd:string>QTI Quiz Export for course "Nick Test Course"</imsmd:string>
        </imsmd:title>
      </imsmd:general>
      <imsmd:lifeCycle>
        <imsmd:contribute>
          <imsmd:date>
            <imsmd:dateTime>2018-03-15</imsmd:dateTime>
          </imsmd:date>
        </imsmd:contribute>
      </imsmd:lifeCycle>
      <imsmd:rights>
        <imsmd:copyrightAndOtherRestrictions>
          <imsmd:value>yes</imsmd:value>
        </imsmd:copyrightAndOtherRestrictions>
        <imsmd:description>
          <imsmd:string>Private (Copyrighted) - http://en.wikipedia.org/wiki/Copyright</imsmd:string>
        </imsmd:description>
      </imsmd:rights>
    </imsmd:lom>
  </metadata>
  <organizations/>
  <resources>
    <resource identifier="i68e7925af6a9e291012ad7e532e56c0b" type="imsqti_xmlv1p2">
      <file href="i68e7925af6a9e291012ad7e532e56c0b/i68e7925af6a9e291012ad7e532e56c0b.xml"/>
      <dependency identifierref="ifd89ca3270862d9795a64ac9d061c100"/>
    </resource>
    <resource identifier="ifd89ca3270862d9795a64ac9d061c100" type="associatedcontent/imscc_xmlv1p1/learning-application-resource" href="i68e7925af6a9e291012ad7e532e56c0b/assessment_meta.xml">
      <file href="i68e7925af6a9e291012ad7e532e56c0b/assessment_meta.xml"/>
    </resource>
    <resource identifier="i4eec2c9a52c9c67368fda014ac440fa1" type="webcontent" href="IMG_2523.JPG">
      <file href="IMG_2523.JPG"/>
    </resource>
  </resources>
</manifest>
